<desktopflowbinary desktopflowbinaryid="3b9eb5e6-c345-4cc0-a377-13e7e05f059f">
  <data mimetype="text/plain">Untitled.txt</data>
  <iscustomizable>1</iscustomizable>
  <metadata>{}</metadata>
  <mimetype>image/png</mimetype>
  <name>Desktop flow ui element screenshot</name>
  <process>
    <workflowid>49c626f9-7407-47a0-bad2-a70e4ed15151</workflowid>
  </process>
  <reference>controlRepo-screenshots\00cef58f-dc0b-494f-990a-eabd48aca6bd.png</reference>
  <statecode>0</statecode>
  <statuscode>1</statuscode>
  <type>ControlRepositoryImageFile</type>
</desktopflowbinary>