<desktopflowbinary desktopflowbinaryid="04afa0f6-fa5f-4169-9438-afd8fd2e1d20">
  <data mimetype="text/plain">Untitled.txt</data>
  <iscustomizable>1</iscustomizable>
  <metadata>{}</metadata>
  <mimetype>image/png</mimetype>
  <name>Desktop flow ui element screenshot</name>
  <process>
    <workflowid>0dcbab93-3add-413f-be33-3b83b896322e</workflowid>
  </process>
  <reference>controlRepo-screenshots\6ac306f4-e177-4501-82f3-8231283a52b3.png</reference>
  <statecode>0</statecode>
  <statuscode>1</statuscode>
  <type>ControlRepositoryImageFile</type>
</desktopflowbinary>