<desktopflowbinary desktopflowbinaryid="a1d50ed9-15a0-4987-84fc-5fffdace7f92">
  <data mimetype="application/json">ManifestFile_a1d50ed9-15a0-4987-84fc-5fffdace7f92.json</data>
  <iscustomizable>1</iscustomizable>
  <metadata>{}</metadata>
  <mimetype>application/json</mimetype>
  <name>Desktop flow manifest file</name>
  <process>
    <workflowid>0dcbab93-3add-413f-be33-3b83b896322e</workflowid>
  </process>
  <reference>flow.manifest</reference>
  <statecode>0</statecode>
  <statuscode>1</statuscode>
  <type>ManifestFile</type>
</desktopflowbinary>