<desktopflowbinary desktopflowbinaryid="1c2c4ced-ee6f-4eb7-baaf-970435f05717">
  <data mimetype="text/plain">Untitled.txt</data>
  <iscustomizable>1</iscustomizable>
  <metadata>{}</metadata>
  <mimetype>image/png</mimetype>
  <name>Desktop flow ui element screenshot</name>
  <process>
    <workflowid>49c626f9-7407-47a0-bad2-a70e4ed15151</workflowid>
  </process>
  <reference>controlRepo-screenshots\b9e10acb-256d-4781-9e50-fd02b8142c0e.png</reference>
  <statecode>0</statecode>
  <statuscode>1</statuscode>
  <type>ControlRepositoryImageFile</type>
</desktopflowbinary>