<ImportExportXml xmlns:xsi="http://www.w3.org/2001/XMLSchema-instance" OrganizationVersion="9.2.24093.212" OrganizationSchemaType="Standard" CRMServerServiceabilityVersion="9.2.24095.00208">
  <Entities></Entities>
  <Roles></Roles>
  <Workflows></Workflows>
  <FieldSecurityProfiles></FieldSecurityProfiles>
  <Templates />
  <EntityMaps />
  <EntityRelationships />
  <OrganizationSettings />
  <optionsets />
  <CustomControls />
  <EntityDataProviders />
  <Connectors>
    <Connector>
      <connectorid>cb7092cf-2276-4eaa-bfcb-510c28921fdb</connectorid>
      <description>Service for evaluating builder risk</description>
      <displayname>Builder Risk Service</displayname>
      <iconbrandcolor>#007ee5</iconbrandcolor>
      <name>rc_5Fbuilder-20risk-20service</name>
      <connectortype>1</connectortype>
      <openapidefinition>/Connector/rc_5Fbuilder-20risk-20service_openapidefinition.json</openapidefinition>
      <connectionparameters>/Connector/rc_5Fbuilder-20risk-20service_connectionparameters.json</connectionparameters>
      <policytemplateinstances>/Connector/rc_5Fbuilder-20risk-20service_policytemplateinstances.json</policytemplateinstances>
      <iconblob>/Connector/rc_5Fbuilder-20risk-20service_iconblob.Jpeg</iconblob>
    </Connector>
  </Connectors>
  <Languages>
    <Language>1033</Language>
  </Languages>
</ImportExportXml>