{
  "properties": {
    "connectionReferences": {
      "shared_commondataserviceforapps": {
        "runtimeSource": "embedded",
        "connection": {
          "connectionReferenceLogicalName": "rc_Dataverse"
        },
        "api": {
          "name": "shared_commondataserviceforapps"
        }
      }
    },
    "definition": {
      "$schema": "https://schema.management.azure.com/providers/Microsoft.Logic/schemas/2016-06-01/workflowdefinition.json#",
      "contentVersion": "1.0.0.0",
      "parameters": {
        "$connections": {
          "defaultValue": {},
          "type": "Object"
        },
        "$authentication": {
          "defaultValue": {},
          "type": "SecureObject"
        }
      },
      "triggers": {
        "manual": {
          "metadata": {
            "operationMetadataId": "9558041e-4962-42af-87d7-c8c3644cf2a4"
          },
          "type": "Request",
          "kind": "Button",
          "inputs": {
            "schema": {
              "type": "object",
              "properties": {
                "text": {
                  "title": "LoanNumber",
                  "type": "string",
                  "x-ms-dynamically-added": true,
                  "description": "Please enter your input",
                  "x-ms-content-hint": "TEXT"
                }
              },
              "required": [
                "text"
              ]
            }
          }
        }
      },
      "actions": {
        "List_rows": {
          "runAfter": {},
          "metadata": {
            "operationMetadataId": "2065ee08-ec0d-465b-86c4-5c1426e96d65"
          },
          "type": "OpenApiConnection",
          "inputs": {
            "host": {
              "connectionName": "shared_commondataserviceforapps",
              "operationId": "ListRecords",
              "apiId": "/providers/Microsoft.PowerApps/apis/shared_commondataserviceforapps"
            },
            "parameters": {
              "entityName": "rc_loans",
              "$filter": "rc_loannumber eq '@{triggerBody()['text']}'"
            },
            "authentication": {
              "type": "Raw",
              "value": "@json(decodeBase64(triggerOutputs().headers['X-MS-APIM-Tokens']))['$ConnectionKey']"
            }
          }
        },
        "Condition": {
          "actions": {
            "Not_found_response": {
              "runAfter": {},
              "metadata": {
                "operationMetadataId": "dce731fd-ea2d-4da4-8c7c-c0d57e245ac7"
              },
              "type": "Response",
              "kind": "PowerApp",
              "inputs": {
                "statusCode": 200,
                "body": {
                  "loanfound": "@{false}",
                  "loanid": " "
                },
                "schema": {
                  "type": "object",
                  "properties": {
                    "loanfound": {
                      "title": "LoanFound",
                      "x-ms-dynamically-added": true,
                      "type": "boolean"
                    },
                    "loanid": {
                      "title": "LoanID",
                      "x-ms-dynamically-added": true,
                      "type": "string"
                    }
                  }
                }
              }
            }
          },
          "runAfter": {
            "List_rows": [
              "Succeeded"
            ]
          },
          "else": {
            "actions": {
              "Found_response": {
                "runAfter": {},
                "metadata": {
                  "operationMetadataId": "433a17df-b8ab-4be6-a861-98e72f4af83b"
                },
                "type": "Response",
                "kind": "PowerApp",
                "inputs": {
                  "statusCode": 200,
                  "body": {
                    "loanfound": "@{true}",
                    "loanid": "@{outputs('List_rows')?['body/value'][0]['rc_loanid']}"
                  },
                  "schema": {
                    "type": "object",
                    "properties": {
                      "loanfound": {
                        "title": "LoanFound",
                        "x-ms-dynamically-added": true,
                        "type": "boolean"
                      },
                      "loanid": {
                        "title": "LoanID",
                        "x-ms-dynamically-added": true,
                        "type": "string"
                      }
                    }
                  }
                }
              }
            }
          },
          "expression": {
            "equals": [
              "@empty(outputs('List_rows')?['body/value'])",
              "@true"
            ]
          },
          "metadata": {
            "operationMetadataId": "42a88269-47cc-4cc6-8f52-1d2b4d839361"
          },
          "type": "If"
        }
      }
    },
    "templateName": null
  },
  "schemaVersion": "1.0.0.0"
}