{
  "properties": {
    "connectionReferences": {
      "shared_office365": {
        "runtimeSource": "embedded",
        "connection": {
          "connectionReferenceLogicalName": "rc_sharedoffice365_8255e"
        },
        "api": {
          "name": "shared_office365"
        }
      },
      "shared_commondataserviceforapps": {
        "runtimeSource": "embedded",
        "connection": {
          "connectionReferenceLogicalName": "rc_Dataverse"
        },
        "api": {
          "name": "shared_commondataserviceforapps"
        }
      }
    },
    "definition": {
      "$schema": "https://schema.management.azure.com/providers/Microsoft.Logic/schemas/2016-06-01/workflowdefinition.json#",
      "contentVersion": "1.0.0.0",
      "parameters": {
        "$connections": {
          "defaultValue": {},
          "type": "Object"
        },
        "$authentication": {
          "defaultValue": {},
          "type": "SecureObject"
        }
      },
      "triggers": {
        "When_a_new_funding_request_email_arrives": {
          "recurrence": {
            "interval": 1,
            "frequency": "Minute"
          },
          "splitOn": "@triggerOutputs()?['body/value']",
          "metadata": {
            "operationMetadataId": "b2067cc3-f81f-4496-8c2d-24a0ca922d9b"
          },
          "type": "OpenApiConnection",
          "inputs": {
            "host": {
              "connectionName": "shared_office365",
              "operationId": "SharedMailboxOnNewEmailV2",
              "apiId": "/providers/Microsoft.PowerApps/apis/shared_office365"
            },
            "parameters": {
              "mailboxAddress": "Funding@M365x48280877.onmicrosoft.com;",
              "folderId": "Inbox",
              "importance": "Any",
              "hasAttachments": false,
              "includeAttachments": true
            },
            "authentication": "@parameters('$authentication')"
          }
        }
      },
      "actions": {
        "Lookup_loan_number": {
          "runAfter": {},
          "metadata": {
            "operationMetadataId": "693e4c30-da0f-4432-a952-7c36a9b90538"
          },
          "type": "Workflow",
          "inputs": {
            "host": {
              "workflowReferenceName": "75937402-6f97-ef11-8a6a-000d3a318262"
            },
            "body": {
              "text": "@triggerOutputs()?['body/subject']"
            }
          }
        },
        "Check_if_loan_number_found": {
          "actions": {},
          "runAfter": {
            "Lookup_loan_number": [
              "Succeeded"
            ]
          },
          "else": {
            "actions": {
              "Send_loan_not_found_email": {
                "runAfter": {},
                "metadata": {
                  "operationMetadataId": "1b2daf1c-5003-4f29-9ed1-90840e8a8685"
                },
                "type": "OpenApiConnection",
                "inputs": {
                  "host": {
                    "connectionName": "shared_office365",
                    "operationId": "SharedMailboxSendEmailV2",
                    "apiId": "/providers/Microsoft.PowerApps/apis/shared_office365"
                  },
                  "parameters": {
                    "emailMessage/MailboxAddress": "@triggerOutputs()?['body/toRecipients']",
                    "emailMessage/To": "@triggerOutputs()?['body/from']",
                    "emailMessage/Subject": "Loan number not found",
                    "emailMessage/Body": "<p>Loan # @{triggerOutputs()?['body/subject']} not found, contact your bank</p>",
                    "emailMessage/Importance": "Normal"
                  },
                  "authentication": "@parameters('$authentication')"
                }
              },
              "Terminate": {
                "runAfter": {
                  "Send_loan_not_found_email": [
                    "Succeeded"
                  ]
                },
                "metadata": {
                  "operationMetadataId": "4c5a4bf1-6a6b-4bc0-bab5-650f0a61555a"
                },
                "type": "Terminate",
                "inputs": {
                  "runStatus": "Succeeded"
                }
              }
            }
          },
          "expression": {
            "equals": [
              "@body('Lookup_loan_number')?['loanfound']",
              "True"
            ]
          },
          "metadata": {
            "operationMetadataId": "f5577a21-7ba9-4e8f-b23d-1f8193c7d00c"
          },
          "type": "If"
        },
        "Create_new_loan_draw_row": {
          "runAfter": {
            "Check_if_loan_number_found": [
              "Succeeded"
            ]
          },
          "metadata": {
            "operationMetadataId": "99a0942b-fb0f-440d-9179-64c48526119d"
          },
          "type": "OpenApiConnection",
          "inputs": {
            "host": {
              "connectionName": "shared_commondataserviceforapps",
              "operationId": "CreateRecord",
              "apiId": "/providers/Microsoft.PowerApps/apis/shared_commondataserviceforapps"
            },
            "parameters": {
              "entityName": "rc_loandraws",
              "item/rc_name": "Loan draw",
              "item/rc_amountrequested": 80000,
              "item/rc_Loan@odata.bind": "rc_loans(@{body('Lookup_loan_number')?['loanid']})"
            },
            "authentication": "@parameters('$authentication')"
          }
        },
        "Run_inspection_process": {
          "runAfter": {
            "Create_new_loan_draw_row": [
              "Succeeded"
            ]
          },
          "metadata": {
            "operationMetadataId": "0ef01f2f-56b5-48ef-bc27-0e1762c8350c"
          },
          "type": "Workflow",
          "inputs": {
            "host": {
              "workflowReferenceName": "2b1ebb40-7897-ef11-8a6a-000d3a318262"
            },
            "body": {
              "text": "123 Main Street",
              "text_1": "@outputs('Create_new_loan_draw_row')?['body/rc_loandrawid']",
              "text_2": "Test work item"
            }
          }
        },
        "Run_funding_process": {
          "runAfter": {
            "Run_inspection_process": [
              "Succeeded"
            ]
          },
          "metadata": {
            "operationMetadataId": "2f4c490a-b0d7-4b2a-afd7-65f5b7fe5f43"
          },
          "type": "Workflow",
          "inputs": {
            "host": {
              "workflowReferenceName": "e0e85bd0-8597-ef11-8a6a-000d3a318262"
            },
            "body": {
              "text": "@triggerOutputs()?['body/subject']",
              "text_1": "@outputs('Create_new_loan_draw_row')?['body/rc_loandrawid']",
              "text_2": "80000",
              "text_3": "@body('Run_inspection_process')?['jobnumber']",
              "number": 55
            }
          }
        },
        "Check_approval_status": {
          "actions": {
            "Send_approved_draw_email": {
              "runAfter": {},
              "metadata": {
                "operationMetadataId": "7e579734-7f42-421c-8699-c967e91f74f0"
              },
              "type": "OpenApiConnection",
              "inputs": {
                "host": {
                  "connectionName": "shared_office365",
                  "operationId": "SharedMailboxSendEmailV2",
                  "apiId": "/providers/Microsoft.PowerApps/apis/shared_office365"
                },
                "parameters": {
                  "emailMessage/MailboxAddress": "@triggerOutputs()?['body/toRecipients']",
                  "emailMessage/To": "@triggerOutputs()?['body/from']",
                  "emailMessage/Subject": "Draw Approved",
                  "emailMessage/Body": "<p>Your draw for @{outputs('Create_new_loan_draw_row')?['body/rc_amountfunded']} was approved</p>",
                  "emailMessage/Importance": "Normal"
                },
                "authentication": "@parameters('$authentication')"
              }
            }
          },
          "runAfter": {
            "Run_funding_process": [
              "Succeeded"
            ]
          },
          "else": {
            "actions": {
              "Send_draw_not_approved_email": {
                "runAfter": {},
                "metadata": {
                  "operationMetadataId": "e88892f0-3d97-424f-a0f6-2ef3802e0f1b"
                },
                "type": "OpenApiConnection",
                "inputs": {
                  "host": {
                    "connectionName": "shared_office365",
                    "operationId": "SharedMailboxSendEmailV2",
                    "apiId": "/providers/Microsoft.PowerApps/apis/shared_office365"
                  },
                  "parameters": {
                    "emailMessage/MailboxAddress": "@triggerOutputs()?['body/toRecipients']",
                    "emailMessage/To": "@triggerOutputs()?['body/from']",
                    "emailMessage/Subject": "Draw was not approved",
                    "emailMessage/Body": "<p>Your draw for @{outputs('Create_new_loan_draw_row')?['body/rc_amountfunded']} was not approved, please contact the bank.</p>",
                    "emailMessage/Importance": "Normal"
                  },
                  "authentication": "@parameters('$authentication')"
                }
              }
            }
          },
          "expression": {
            "equals": [
              "@body('Run_funding_process')?['fundingstatus']",
              "Approved"
            ]
          },
          "metadata": {
            "operationMetadataId": "51265f6a-2dff-4411-aac5-89a3619d3a3e"
          },
          "type": "If"
        }
      }
    },
    "templateName": null
  },
  "schemaVersion": "1.0.0.0"
}