<desktopflowbinary desktopflowbinaryid="b67d3d43-86e8-490a-b894-7b644d586f3e">
  <data mimetype="image/png">ControlRepositoryImageFile_b67d3d43-86e8-490a-b894-7b644d586f3e.png</data>
  <iscustomizable>1</iscustomizable>
  <metadata>{}</metadata>
  <mimetype>image/png</mimetype>
  <name>Desktop flow ui element screenshot</name>
  <process>
    <workflowid>49c626f9-7407-47a0-bad2-a70e4ed15151</workflowid>
  </process>
  <reference>controlRepo-screenshots\eea3eb0e-fa60-408f-ae53-efd62a0594a7.png</reference>
  <statecode>0</statecode>
  <statuscode>1</statuscode>
  <type>ControlRepositoryImageFile</type>
</desktopflowbinary>