{"CreatedEngineVersion":{"Major":2,"Minor":8,"Build":231,"Revision":23307,"MajorRevision":0,"MinorRevision":23307},"ModuleReferences":[{"AssemblyName":"Microsoft.Flow.RPA.Desktop.Modules.WebAutomation.Actions","Name":"WebAutomation","Id":"00000000-0000-0000-0000-000000000000","PublicKeyToken":"31bf3856ad364e35","Type":1,"Version":{"Major":1,"Minor":12,"Build":0,"Revision":0,"MajorRevision":0,"MinorRevision":0}}],"ConnectorReferences":[],"EngineVersion":{"Major":2,"Minor":2,"Build":231,"Revision":23307,"MajorRevision":0,"MinorRevision":23307}}