<desktopflowbinary desktopflowbinaryid="e63dc40f-60f6-4cec-bac0-0f71e9ee548d">
  <data mimetype="application/json">ControlRepository_19679963-cc2c-4d1d-8cc1-c6a8f2292924.json</data>
  <iscustomizable>1</iscustomizable>
  <metadata>{}</metadata>
  <mimetype>application/json</mimetype>
  <name>Desktop flow ui elements</name>
  <process>
    <workflowid>0dcbab93-3add-413f-be33-3b83b896322e</workflowid>
  </process>
  <reference>controlRepo.appmask</reference>
  <statecode>0</statecode>
  <statuscode>1</statuscode>
  <type>ControlRepository</type>
</desktopflowbinary>