<desktopflowbinary desktopflowbinaryid="9a97629f-5170-4a3c-afbe-9ecf64dc6bf1">
  <data mimetype="text/plain">Untitled.txt</data>
  <iscustomizable>1</iscustomizable>
  <metadata>{}</metadata>
  <mimetype>image/png</mimetype>
  <name>Desktop flow ui element screenshot</name>
  <process>
    <workflowid>0dcbab93-3add-413f-be33-3b83b896322e</workflowid>
  </process>
  <reference>controlRepo-screenshots\c1cc2707-b15a-4199-9b78-21b1ea3cf073.png</reference>
  <statecode>0</statecode>
  <statuscode>1</statuscode>
  <type>ControlRepositoryImageFile</type>
</desktopflowbinary>