<desktopflowbinary desktopflowbinaryid="ff5d6d9a-86c6-4d8f-9cf8-59e8dcfd23af">
  <data mimetype="text/plain">Untitled.txt</data>
  <iscustomizable>1</iscustomizable>
  <metadata>{}</metadata>
  <mimetype>image/png</mimetype>
  <name>Desktop flow ui element screenshot</name>
  <process>
    <workflowid>0dcbab93-3add-413f-be33-3b83b896322e</workflowid>
  </process>
  <reference>controlRepo-screenshots\eb6359da-c277-4ec1-adda-96c8f2612b44.png</reference>
  <statecode>0</statecode>
  <statuscode>1</statuscode>
  <type>ControlRepositoryImageFile</type>
</desktopflowbinary>