<desktopflowbinary desktopflowbinaryid="61bb5ffd-bf0c-4e06-8fdf-4a52996a6885">
  <data mimetype="application/json">ControlRepository_a6742835-d01c-4202-a9e8-d9fa2165d006.json</data>
  <iscustomizable>1</iscustomizable>
  <metadata>{}</metadata>
  <mimetype>application/json</mimetype>
  <name>Desktop flow ui elements</name>
  <process>
    <workflowid>49c626f9-7407-47a0-bad2-a70e4ed15151</workflowid>
  </process>
  <reference>controlRepo.appmask</reference>
  <statecode>0</statecode>
  <statuscode>1</statuscode>
  <type>ControlRepository</type>
</desktopflowbinary>