<desktopflowbinary desktopflowbinaryid="18b05624-3708-47c5-9079-d8fffb0e26cc">
  <data mimetype="image/png">ControlRepositoryImageFile_18b05624-3708-47c5-9079-d8fffb0e26cc.png</data>
  <iscustomizable>1</iscustomizable>
  <metadata>{}</metadata>
  <mimetype>image/png</mimetype>
  <name>Desktop flow ui element screenshot</name>
  <process>
    <workflowid>49c626f9-7407-47a0-bad2-a70e4ed15151</workflowid>
  </process>
  <reference>controlRepo-screenshots\30738375-a030-417b-82e9-d2cb137f2014.png</reference>
  <statecode>0</statecode>
  <statuscode>1</statuscode>
  <type>ControlRepositoryImageFile</type>
</desktopflowbinary>