<desktopflowbinary desktopflowbinaryid="8462dd55-f6c9-4057-86fd-0b64ca9a0b29">
  <data mimetype="application/json">ImageRepository_f49ded39-b72e-4488-9520-48169cbc6c3b.json</data>
  <iscustomizable>1</iscustomizable>
  <metadata>{}</metadata>
  <mimetype>application/json</mimetype>
  <name>Desktop flow images</name>
  <process>
    <workflowid>49c626f9-7407-47a0-bad2-a70e4ed15151</workflowid>
  </process>
  <reference>imageRepo.imgrepo</reference>
  <statecode>0</statecode>
  <statuscode>1</statuscode>
  <type>ImageRepository</type>
</desktopflowbinary>