<desktopflowbinary desktopflowbinaryid="8462dd55-f6c9-4057-86fd-0b64ca9a0b29">
  <data mimetype="application/json">ImageRepository_704219e5-f03f-46c1-a1ee-a6e7ec0d14aa.json</data>
  <iscustomizable>1</iscustomizable>
  <metadata>{}</metadata>
  <mimetype>application/json</mimetype>
  <name>Desktop flow images</name>
  <process>
    <workflowid>49c626f9-7407-47a0-bad2-a70e4ed15151</workflowid>
  </process>
  <reference>imageRepo.imgrepo</reference>
  <statecode>0</statecode>
  <statuscode>1</statuscode>
  <type>ImageRepository</type>
</desktopflowbinary>