<desktopflowbinary desktopflowbinaryid="f8f1728d-ce37-4a7f-8bf5-c415fd4f212e">
  <data mimetype="text/plain">Untitled.txt</data>
  <iscustomizable>1</iscustomizable>
  <metadata>{}</metadata>
  <mimetype>image/png</mimetype>
  <name>Desktop flow ui element screenshot</name>
  <process>
    <workflowid>0dcbab93-3add-413f-be33-3b83b896322e</workflowid>
  </process>
  <reference>controlRepo-screenshots\2cdc225a-e7ae-4a20-b637-25a9255bbf57.png</reference>
  <statecode>0</statecode>
  <statuscode>1</statuscode>
  <type>ControlRepositoryImageFile</type>
</desktopflowbinary>