<desktopflowbinary desktopflowbinaryid="43989e40-94aa-41ef-903b-4fe6cb4a0db0">
  <data mimetype="application/json">ManifestFile_43989e40-94aa-41ef-903b-4fe6cb4a0db0.json</data>
  <iscustomizable>1</iscustomizable>
  <metadata>{}</metadata>
  <mimetype>application/json</mimetype>
  <name>Desktop flow manifest file</name>
  <process>
    <workflowid>49c626f9-7407-47a0-bad2-a70e4ed15151</workflowid>
  </process>
  <reference>flow.manifest</reference>
  <statecode>0</statecode>
  <statuscode>1</statuscode>
  <type>ManifestFile</type>
</desktopflowbinary>