<desktopflowbinary desktopflowbinaryid="a36e82e2-b4da-4507-8f8a-89278d14f50d">
  <data mimetype="application/json">ImageRepository_ec17b189-5d92-436a-8e21-6fc6bbbe7476.json</data>
  <iscustomizable>1</iscustomizable>
  <metadata>{}</metadata>
  <mimetype>application/json</mimetype>
  <name>Desktop flow images</name>
  <process>
    <workflowid>0dcbab93-3add-413f-be33-3b83b896322e</workflowid>
  </process>
  <reference>imageRepo.imgrepo</reference>
  <statecode>0</statecode>
  <statuscode>1</statuscode>
  <type>ImageRepository</type>
</desktopflowbinary>