<ImportExportXml version="9.2.24093.212" SolutionPackageVersion="9.2" languagecode="1033" generatedBy="CrmLive" xmlns:xsi="http://www.w3.org/2001/XMLSchema-instance" OrganizationVersion="9.2.24093.212" OrganizationSchemaType="Standard" CRMServerServiceabilityVersion="9.2.24095.00208">
  <SolutionManifest>
    <UniqueName>ConstructionFunding</UniqueName>
    <LocalizedNames>
      <LocalizedName description="Construction Funding" languagecode="1033" />
    </LocalizedNames>
    <Descriptions />
    <Version>1.0.0.5</Version>
    <Managed>0</Managed>
    <Publisher>
      <UniqueName>Relecloud</UniqueName>
      <LocalizedNames>
        <LocalizedName description="Relecloud" languagecode="1033" />
      </LocalizedNames>
      <Descriptions />
      <EMailAddress xsi:nil="true"></EMailAddress>
      <SupportingWebsiteUrl xsi:nil="true"></SupportingWebsiteUrl>
      <CustomizationPrefix>rc</CustomizationPrefix>
      <CustomizationOptionValuePrefix>12609</CustomizationOptionValuePrefix>
      <Addresses>
        <Address>
          <AddressNumber>1</AddressNumber>
          <AddressTypeCode>1</AddressTypeCode>
          <City xsi:nil="true"></City>
          <County xsi:nil="true"></County>
          <Country xsi:nil="true"></Country>
          <Fax xsi:nil="true"></Fax>
          <FreightTermsCode xsi:nil="true"></FreightTermsCode>
          <ImportSequenceNumber xsi:nil="true"></ImportSequenceNumber>
          <Latitude xsi:nil="true"></Latitude>
          <Line1 xsi:nil="true"></Line1>
          <Line2 xsi:nil="true"></Line2>
          <Line3 xsi:nil="true"></Line3>
          <Longitude xsi:nil="true"></Longitude>
          <Name xsi:nil="true"></Name>
          <PostalCode xsi:nil="true"></PostalCode>
          <PostOfficeBox xsi:nil="true"></PostOfficeBox>
          <PrimaryContactName xsi:nil="true"></PrimaryContactName>
          <ShippingMethodCode>1</ShippingMethodCode>
          <StateOrProvince xsi:nil="true"></StateOrProvince>
          <Telephone1 xsi:nil="true"></Telephone1>
          <Telephone2 xsi:nil="true"></Telephone2>
          <Telephone3 xsi:nil="true"></Telephone3>
          <TimeZoneRuleVersionNumber xsi:nil="true"></TimeZoneRuleVersionNumber>
          <UPSZone xsi:nil="true"></UPSZone>
          <UTCOffset xsi:nil="true"></UTCOffset>
          <UTCConversionTimeZoneCode xsi:nil="true"></UTCConversionTimeZoneCode>
        </Address>
        <Address>
          <AddressNumber>2</AddressNumber>
          <AddressTypeCode>1</AddressTypeCode>
          <City xsi:nil="true"></City>
          <County xsi:nil="true"></County>
          <Country xsi:nil="true"></Country>
          <Fax xsi:nil="true"></Fax>
          <FreightTermsCode xsi:nil="true"></FreightTermsCode>
          <ImportSequenceNumber xsi:nil="true"></ImportSequenceNumber>
          <Latitude xsi:nil="true"></Latitude>
          <Line1 xsi:nil="true"></Line1>
          <Line2 xsi:nil="true"></Line2>
          <Line3 xsi:nil="true"></Line3>
          <Longitude xsi:nil="true"></Longitude>
          <Name xsi:nil="true"></Name>
          <PostalCode xsi:nil="true"></PostalCode>
          <PostOfficeBox xsi:nil="true"></PostOfficeBox>
          <PrimaryContactName xsi:nil="true"></PrimaryContactName>
          <ShippingMethodCode>1</ShippingMethodCode>
          <StateOrProvince xsi:nil="true"></StateOrProvince>
          <Telephone1 xsi:nil="true"></Telephone1>
          <Telephone2 xsi:nil="true"></Telephone2>
          <Telephone3 xsi:nil="true"></Telephone3>
          <TimeZoneRuleVersionNumber xsi:nil="true"></TimeZoneRuleVersionNumber>
          <UPSZone xsi:nil="true"></UPSZone>
          <UTCOffset xsi:nil="true"></UTCOffset>
          <UTCConversionTimeZoneCode xsi:nil="true"></UTCConversionTimeZoneCode>
        </Address>
      </Addresses>
    </Publisher>
    <RootComponents>
      <RootComponent type="1" schemaName="rc_inspectionphoto" behavior="0" />
      <RootComponent type="1" schemaName="rc_loan" behavior="0" />
      <RootComponent type="1" schemaName="rc_loandraw" behavior="0" />
      <RootComponent type="29" id="{0dcbab93-3add-413f-be33-3b83b896322e}" behavior="0" />
      <RootComponent type="29" id="{2b1ebb40-7897-ef11-8a6a-000d3a318262}" behavior="0" />
      <RootComponent type="29" id="{49c626f9-7407-47a0-bad2-a70e4ed15151}" behavior="0" />
      <RootComponent type="29" id="{75937402-6f97-ef11-8a6a-000d3a318262}" behavior="0" />
      <RootComponent type="29" id="{8c392640-8c97-ef11-8a6a-000d3a318262}" behavior="0" />
      <RootComponent type="29" id="{e0e85bd0-8597-ef11-8a6a-000d3a318262}" behavior="0" />
      <RootComponent type="29" id="{ff745700-dee6-ec11-bb3c-002248306ab4}" behavior="0" />
      <RootComponent type="62" schemaName="rc_LoanManager" behavior="0" />
      <RootComponent type="80" schemaName="rc_LoanManager" behavior="0" />
      <RootComponent type="401" id="{e40c0bd7-663e-4ed0-a923-59da9c282afa}" behavior="0" />
      <RootComponent type="431" schemaName="rc_inspectionphoto rc_photo" behavior="0" />
      <RootComponent type="432" schemaName="rc_inspectionphoto" behavior="0" />
    </RootComponents>
    <MissingDependencies>
      <MissingDependency>
        <Required type="372" schemaName="rc_5Fbuilder-20risk-20service" displayName="Builder Risk Service" solution="Active" id="{cb7092cf-2276-4eaa-bfcb-510c28921fdb}" />
        <Dependent type="29" displayName="Process Construction Funding Request" id="{8c392640-8c97-ef11-8a6a-000d3a318262}" />
      </MissingDependency>
      <MissingDependency>
        <Required type="372" schemaName="rc_5Fbuilder-20risk-20service" displayName="Builder Risk Service" solution="Active" id="{cb7092cf-2276-4eaa-bfcb-510c28921fdb}" />
        <Dependent type="connectionreference" displayName="rc_sharedrc5fbuilder20risk20service5f5c2775005c39ae3e_6dee6" id.connectionreferencelogicalname="rc_sharedrc5fbuilder20risk20service5f5c2775005c39ae3e_6dee6" />
      </MissingDependency>
      <MissingDependency>
        <Required type="61" schemaName="msdyn_/Images/AppModule_Default_Icon.png" displayName="msdyn_/Images/AppModule_Default_Icon.png" solution="AppModuleWebResources (2.5)" />
        <Dependent type="80" schemaName="rc_LoanManager" displayName="Loan Manager" />
      </MissingDependency>
    </MissingDependencies>
  </SolutionManifest>
</ImportExportXml>