{
  "properties": {
    "connectionReferences": {
      "shared_office365": {
        "runtimeSource": "embedded",
        "connection": {
          "connectionReferenceLogicalName": "rc_sharedoffice365_8255e"
        },
        "api": {
          "name": "shared_office365"
        }
      },
      "shared_commondataserviceforapps": {
        "runtimeSource": "embedded",
        "connection": {
          "connectionReferenceLogicalName": "rc_Dataverse"
        },
        "api": {
          "name": "shared_commondataserviceforapps"
        }
      },
      "shared_rc-5fbuilder-20risk-20service-5f5c2775005c39ae3e": {
        "runtimeSource": "embedded",
        "connection": {
          "connectionReferenceLogicalName": "rc_sharedrc5fbuilder20risk20service5f5c2775005c39ae3e_6dee6"
        },
        "api": {
          "name": "shared_rc-5fbuilder-20risk-20service-5f5c2775005c39ae3e",
          "logicalName": "rc_5Fbuilder-20risk-20service"
        }
      }
    },
    "definition": {
      "$schema": "https://schema.management.azure.com/providers/Microsoft.Logic/schemas/2016-06-01/workflowdefinition.json#",
      "contentVersion": "1.0.0.0",
      "parameters": {
        "$connections": {
          "defaultValue": {},
          "type": "Object"
        },
        "$authentication": {
          "defaultValue": {},
          "type": "SecureObject"
        }
      },
      "triggers": {
        "When_a_new_funding_request_email_arrives": {
          "recurrence": {
            "interval": 1,
            "frequency": "Minute"
          },
          "splitOn": "@triggerOutputs()?['body/value']",
          "metadata": {
            "operationMetadataId": "b2067cc3-f81f-4496-8c2d-24a0ca922d9b"
          },
          "type": "OpenApiConnection",
          "inputs": {
            "host": {
              "connectionName": "shared_office365",
              "operationId": "SharedMailboxOnNewEmailV2",
              "apiId": "/providers/Microsoft.PowerApps/apis/shared_office365"
            },
            "parameters": {
              "mailboxAddress": "Funding@M365x48280877.onmicrosoft.com;",
              "folderId": "Inbox",
              "importance": "Any",
              "hasAttachments": false,
              "includeAttachments": true
            },
            "authentication": "@parameters('$authentication')"
          }
        }
      },
      "actions": {
        "Lookup_loan_number": {
          "runAfter": {},
          "metadata": {
            "operationMetadataId": "693e4c30-da0f-4432-a952-7c36a9b90538"
          },
          "type": "Workflow",
          "inputs": {
            "host": {
              "workflowReferenceName": "75937402-6f97-ef11-8a6a-000d3a318262"
            },
            "body": {
              "text": "@triggerOutputs()?['body/subject']"
            }
          }
        },
        "Check_if_loan_number_found": {
          "actions": {},
          "runAfter": {
            "Lookup_loan_number": [
              "Succeeded"
            ]
          },
          "else": {
            "actions": {
              "Send_loan_not_found_email": {
                "runAfter": {},
                "metadata": {
                  "operationMetadataId": "1b2daf1c-5003-4f29-9ed1-90840e8a8685"
                },
                "type": "OpenApiConnection",
                "inputs": {
                  "host": {
                    "connectionName": "shared_office365",
                    "operationId": "SharedMailboxSendEmailV2",
                    "apiId": "/providers/Microsoft.PowerApps/apis/shared_office365"
                  },
                  "parameters": {
                    "emailMessage/MailboxAddress": "@triggerOutputs()?['body/toRecipients']",
                    "emailMessage/To": "@triggerOutputs()?['body/from']",
                    "emailMessage/Subject": "Loan number not found",
                    "emailMessage/Body": "<p>Loan # @{triggerOutputs()?['body/subject']} not found, contact your bank</p>",
                    "emailMessage/Importance": "Normal"
                  },
                  "authentication": "@parameters('$authentication')"
                }
              },
              "Terminate": {
                "runAfter": {
                  "Send_loan_not_found_email": [
                    "Succeeded"
                  ]
                },
                "metadata": {
                  "operationMetadataId": "4c5a4bf1-6a6b-4bc0-bab5-650f0a61555a"
                },
                "type": "Terminate",
                "inputs": {
                  "runStatus": "Succeeded"
                }
              }
            }
          },
          "expression": {
            "equals": [
              "@body('Lookup_loan_number')?['loanfound']",
              "True"
            ]
          },
          "metadata": {
            "operationMetadataId": "f5577a21-7ba9-4e8f-b23d-1f8193c7d00c"
          },
          "type": "If"
        },
        "Create_new_loan_draw_row": {
          "runAfter": {
            "Apply_to_each_work_item": [
              "Succeeded"
            ]
          },
          "metadata": {
            "operationMetadataId": "99a0942b-fb0f-440d-9179-64c48526119d"
          },
          "type": "OpenApiConnection",
          "inputs": {
            "host": {
              "connectionName": "shared_commondataserviceforapps",
              "operationId": "CreateRecord",
              "apiId": "/providers/Microsoft.PowerApps/apis/shared_commondataserviceforapps"
            },
            "parameters": {
              "entityName": "rc_loandraws",
              "item/rc_name": "Loan draw",
              "item/rc_amountrequested": "@string(replace(outputs('Extract_information_from_documents')?['body/responsev2/predictionOutput/labels/Draw_0025d74cda3d22e4b8dc6d0249836f74b30/value'],'$',''))",
              "item/rc_Loan@odata.bind": "rc_loans(@{body('Lookup_loan_number')?['loanid']})",
              "item/rc_requestedon": "@utcNow()",
              "item/statuscode": 1
            },
            "authentication": "@parameters('$authentication')"
          }
        },
        "Run_inspection_process": {
          "runAfter": {
            "Create_new_loan_draw_row": [
              "Succeeded"
            ]
          },
          "metadata": {
            "operationMetadataId": "0ef01f2f-56b5-48ef-bc27-0e1762c8350c"
          },
          "type": "Workflow",
          "inputs": {
            "host": {
              "workflowReferenceName": "2b1ebb40-7897-ef11-8a6a-000d3a318262"
            },
            "body": {
              "text": "@outputs('Get_loan')?['body/rc_address']",
              "text_1": "@outputs('Create_new_loan_draw_row')?['body/rc_loandrawid']",
              "text_2": "@variables('Work items')"
            }
          }
        },
        "Run_funding_process": {
          "runAfter": {
            "Update_loan_draw_risk_score": [
              "Succeeded"
            ]
          },
          "metadata": {
            "operationMetadataId": "2f4c490a-b0d7-4b2a-afd7-65f5b7fe5f43"
          },
          "type": "Workflow",
          "inputs": {
            "host": {
              "workflowReferenceName": "e0e85bd0-8597-ef11-8a6a-000d3a318262"
            },
            "body": {
              "text": "@triggerOutputs()?['body/subject']",
              "text_1": "@outputs('Create_new_loan_draw_row')?['body/rc_loandrawid']",
              "text_2": "@string(replace(outputs('Extract_information_from_documents')?['body/responsev2/predictionOutput/labels/Draw_0025d74cda3d22e4b8dc6d0249836f74b30/value'],'$',''))",
              "text_3": "@body('Run_inspection_process')?['jobnumber']",
              "number": "@outputs('Calculate_Risk_Score')?['body/score']"
            }
          }
        },
        "Check_approval_status": {
          "actions": {
            "Send_approved_draw_email": {
              "runAfter": {},
              "metadata": {
                "operationMetadataId": "7e579734-7f42-421c-8699-c967e91f74f0"
              },
              "type": "OpenApiConnection",
              "inputs": {
                "host": {
                  "connectionName": "shared_office365",
                  "operationId": "SharedMailboxSendEmailV2",
                  "apiId": "/providers/Microsoft.PowerApps/apis/shared_office365"
                },
                "parameters": {
                  "emailMessage/MailboxAddress": "@triggerOutputs()?['body/toRecipients']",
                  "emailMessage/To": "@triggerOutputs()?['body/from']",
                  "emailMessage/Subject": "Draw Approved",
                  "emailMessage/Body": "<p>Your draw for @{outputs('Create_new_loan_draw_row')?['body/rc_amountfunded']} was approved</p>",
                  "emailMessage/Importance": "Normal"
                },
                "authentication": "@parameters('$authentication')"
              }
            }
          },
          "runAfter": {
            "Run_funding_process": [
              "Succeeded"
            ]
          },
          "else": {
            "actions": {
              "Send_draw_not_approved_email": {
                "runAfter": {},
                "metadata": {
                  "operationMetadataId": "e88892f0-3d97-424f-a0f6-2ef3802e0f1b"
                },
                "type": "OpenApiConnection",
                "inputs": {
                  "host": {
                    "connectionName": "shared_office365",
                    "operationId": "SharedMailboxSendEmailV2",
                    "apiId": "/providers/Microsoft.PowerApps/apis/shared_office365"
                  },
                  "parameters": {
                    "emailMessage/MailboxAddress": "@triggerOutputs()?['body/toRecipients']",
                    "emailMessage/To": "@triggerOutputs()?['body/from']",
                    "emailMessage/Subject": "Draw was not approved",
                    "emailMessage/Body": "<p>Your draw for @{outputs('Create_new_loan_draw_row')?['body/rc_amountfunded']} was not approved, please contact the bank.</p>",
                    "emailMessage/Importance": "Normal"
                  },
                  "authentication": "@parameters('$authentication')"
                }
              }
            }
          },
          "expression": {
            "equals": [
              "@body('Run_funding_process')?['fundingstatus']",
              "Approved"
            ]
          },
          "metadata": {
            "operationMetadataId": "51265f6a-2dff-4411-aac5-89a3619d3a3e"
          },
          "type": "If"
        },
        "Get_loan": {
          "runAfter": {
            "Check_if_loan_number_found": [
              "Succeeded"
            ]
          },
          "metadata": {
            "operationMetadataId": "e71b758b-bcc5-4d33-961e-91234c8e9841"
          },
          "type": "OpenApiConnection",
          "inputs": {
            "host": {
              "connectionName": "shared_commondataserviceforapps",
              "operationId": "GetItem",
              "apiId": "/providers/Microsoft.PowerApps/apis/shared_commondataserviceforapps"
            },
            "parameters": {
              "entityName": "rc_loans",
              "recordId": "@body('Lookup_loan_number')?['loanid']"
            },
            "authentication": "@parameters('$authentication')"
          }
        },
        "Calculate_Risk_Score": {
          "runAfter": {
            "Run_inspection_process": [
              "Succeeded"
            ]
          },
          "metadata": {
            "operationMetadataId": "c17e944c-07d7-4bc0-8984-4eb64e8e474e"
          },
          "type": "OpenApiConnection",
          "inputs": {
            "host": {
              "connectionName": "shared_rc-5fbuilder-20risk-20service-5f5c2775005c39ae3e",
              "operationId": "CalcRiskScore",
              "apiId": ""
            },
            "parameters": {
              "body/builderName": "@outputs('Get_loan')?['body/rc_builder']",
              "body/propertyAddress": "@outputs('Get_loan')?['body/rc_address']",
              "body/loanNumber": "@outputs('Get_loan')?['body/rc_loannumber']",
              "body/loanDate": "@outputs('Get_loan')?['body/rc_loandate']",
              "body/loanAmount": "@outputs('Get_loan')?['body/rc_loanamount']",
              "body/creditAvailable": "@outputs('Get_loan')?['body/rc_creditavailable']",
              "body/drawAmount": "@string(replace(outputs('Extract_information_from_documents')?['body/responsev2/predictionOutput/labels/Draw_0025d74cda3d22e4b8dc6d0249836f74b30/value'],'$',''))"
            },
            "authentication": "@parameters('$authentication')"
          }
        },
        "Update_loan_draw_risk_score": {
          "runAfter": {
            "Calculate_Risk_Score": [
              "Succeeded"
            ]
          },
          "metadata": {
            "operationMetadataId": "1bf10dd2-3154-4175-943a-6dbd37dd2538"
          },
          "type": "OpenApiConnection",
          "inputs": {
            "host": {
              "connectionName": "shared_commondataserviceforapps",
              "operationId": "UpdateRecord",
              "apiId": "/providers/Microsoft.PowerApps/apis/shared_commondataserviceforapps"
            },
            "parameters": {
              "entityName": "rc_loandraws",
              "recordId": "@outputs('Create_new_loan_draw_row')?['body/rc_loandrawid']",
              "item/rc_riskscore": "@outputs('Calculate_Risk_Score')?['body/score']",
              "item/statuscode": 6
            },
            "authentication": "@parameters('$authentication')"
          }
        },
        "Check_if_email_has_attachment": {
          "actions": {},
          "runAfter": {
            "Get_loan": [
              "Succeeded"
            ]
          },
          "else": {
            "actions": {
              "Send_no_attachment_email": {
                "runAfter": {},
                "metadata": {
                  "operationMetadataId": "df86f921-351f-44c6-98b8-b6637928c332"
                },
                "type": "OpenApiConnection",
                "inputs": {
                  "host": {
                    "connectionName": "shared_office365",
                    "operationId": "SharedMailboxSendEmailV2",
                    "apiId": "/providers/Microsoft.PowerApps/apis/shared_office365"
                  },
                  "parameters": {
                    "emailMessage/MailboxAddress": "@triggerOutputs()?['body/toRecipients']",
                    "emailMessage/To": "@triggerOutputs()?['body/from']",
                    "emailMessage/Subject": "No attachment found",
                    "emailMessage/Body": "<p>Email has no attachment</p>",
                    "emailMessage/Importance": "Normal"
                  },
                  "authentication": "@parameters('$authentication')"
                }
              },
              "Terminate_2": {
                "runAfter": {
                  "Send_no_attachment_email": [
                    "Succeeded"
                  ]
                },
                "metadata": {
                  "operationMetadataId": "e2135498-53ac-4701-87a0-a3a75cc543c1"
                },
                "type": "Terminate",
                "inputs": {
                  "runStatus": "Succeeded"
                }
              }
            }
          },
          "expression": {
            "equals": [
              "@triggerOutputs()?['body/hasAttachments']",
              "@true"
            ]
          },
          "metadata": {
            "operationMetadataId": "56b32449-8936-4199-b8a3-20b43ecd75e5"
          },
          "type": "If"
        },
        "Get_email_attachment": {
          "runAfter": {
            "Check_if_email_has_attachment": [
              "Succeeded"
            ]
          },
          "metadata": {
            "operationMetadataId": "407ff371-cf4a-42b0-b1a0-902e6a84a7de"
          },
          "type": "OpenApiConnection",
          "inputs": {
            "host": {
              "connectionName": "shared_office365",
              "operationId": "GetAttachment_V2",
              "apiId": "/providers/Microsoft.PowerApps/apis/shared_office365"
            },
            "parameters": {
              "messageId": "@triggerOutputs()?['body/id']",
              "attachmentId": "@triggerOutputs()?['body/attachments']?[0]['id']",
              "mailboxAddress": "@{triggerOutputs()?['body/toRecipients']};"
            },
            "authentication": "@parameters('$authentication')"
          }
        },
        "var_work_items": {
          "runAfter": {
            "Extract_information_from_documents": [
              "Succeeded"
            ]
          },
          "metadata": {
            "operationMetadataId": "4b82b47c-ffaf-4114-9ad2-8c802cdf0d10"
          },
          "type": "InitializeVariable",
          "inputs": {
            "variables": [
              {
                "name": "Work items",
                "type": "string"
              }
            ]
          }
        },
        "Extract_information_from_documents": {
          "runAfter": {
            "Get_email_attachment": [
              "Succeeded"
            ]
          },
          "metadata": {
            "operationMetadataId": "f037168c-8857-42dd-acc3-9fb82883c580"
          },
          "type": "OpenApiConnection",
          "inputs": {
            "host": {
              "connectionName": "shared_commondataserviceforapps",
              "operationId": "aibuilderpredict_formsprocessing",
              "apiId": "/providers/Microsoft.PowerApps/apis/shared_commondataserviceforapps"
            },
            "parameters": {
              "recordId": "e40c0bd7-663e-4ed0-a923-59da9c282afa",
              "item/requestv2/mimeType": "application/pdf",
              "item/requestv2/base64Encoded": "@outputs('Get_email_attachment')?['body/contentBytes']"
            },
            "authentication": "@parameters('$authentication')"
          }
        },
        "Apply_to_each_work_item": {
          "foreach": "@outputs('Extract_information_from_documents')?['body/responsev2/predictionOutput/tables/Budget_0ecd8695223b42a4dede9d0b06dd0bf36/entries']",
          "actions": {
            "Append_to_string_variable": {
              "runAfter": {},
              "metadata": {
                "operationMetadataId": "a7370d6a-b266-4c74-9993-49f503a507ea"
              },
              "type": "AppendToStringVariable",
              "inputs": {
                "name": "Work items",
                "value": "@{items('Apply_to_each_work_item')?['Budget_01cb8cfbf6b2280d5347fbf42a17d6bcf/value']}, "
              }
            }
          },
          "runAfter": {
            "var_work_items": [
              "Succeeded"
            ]
          },
          "metadata": {
            "operationMetadataId": "513ee45b-8110-4d3a-a1bc-b92538b407e5"
          },
          "type": "Foreach"
        }
      }
    },
    "templateName": ""
  },
  "schemaVersion": "1.0.0.0"
}