{
  "properties": {
    "connectionReferences": {
      "shared_uiflow": {
        "runtimeSource": "embedded",
        "connection": {
          "connectionReferenceLogicalName": "rc_DesktopFlows"
        },
        "api": {
          "name": "shared_uiflow"
        }
      },
      "shared_commondataserviceforapps": {
        "impersonation": {},
        "runtimeSource": "embedded",
        "connection": {
          "connectionReferenceLogicalName": "rc_Dataverse"
        },
        "api": {
          "name": "shared_commondataserviceforapps"
        }
      }
    },
    "definition": {
      "$schema": "https://schema.management.azure.com/providers/Microsoft.Logic/schemas/2016-06-01/workflowdefinition.json#",
      "contentVersion": "1.0.0.0",
      "parameters": {
        "$connections": {
          "defaultValue": {},
          "type": "Object"
        },
        "$authentication": {
          "defaultValue": {},
          "type": "SecureObject"
        }
      },
      "triggers": {
        "manual": {
          "metadata": {
            "operationMetadataId": "a655be9c-fc3f-4b1b-b8f4-6ff0dcb8d049"
          },
          "type": "Request",
          "kind": "Button",
          "inputs": {
            "schema": {
              "type": "object",
              "properties": {
                "text": {
                  "title": "LoanNumber",
                  "type": "string",
                  "x-ms-dynamically-added": true,
                  "description": "Please enter your input",
                  "x-ms-content-hint": "TEXT"
                },
                "text_1": {
                  "title": "LoanDrawID",
                  "type": "string",
                  "x-ms-dynamically-added": true,
                  "description": "Please enter your input",
                  "x-ms-content-hint": "TEXT"
                },
                "text_2": {
                  "title": "RequestedAmount",
                  "type": "string",
                  "x-ms-dynamically-added": true,
                  "description": "Please enter your input",
                  "x-ms-content-hint": "TEXT"
                },
                "text_3": {
                  "title": "InspectionJobID",
                  "type": "string",
                  "x-ms-dynamically-added": true,
                  "description": "Please enter your input",
                  "x-ms-content-hint": "TEXT"
                },
                "number": {
                  "title": "RiskScore",
                  "type": "number",
                  "x-ms-dynamically-added": true,
                  "description": "Please enter a number",
                  "x-ms-content-hint": "NUMBER"
                }
              },
              "required": [
                "text",
                "text_1",
                "text_2",
                "text_3",
                "number"
              ]
            }
          }
        }
      },
      "actions": {
        "Run_a_flow_built_with_Power_Automate_for_desktop": {
          "runAfter": {},
          "metadata": {
            "operationMetadataId": "20634588-5d1e-465e-84b4-38c4e849015c"
          },
          "type": "OpenApiConnection",
          "inputs": {
            "host": {
              "connectionName": "shared_uiflow",
              "operationId": "RunUIFlow_V2",
              "apiId": "/providers/Microsoft.PowerApps/apis/shared_uiflow"
            },
            "parameters": {
              "uiFlowId": "49c626f9-7407-47a0-bad2-a70e4ed15151",
              "runMode": "attended",
              "item/Username": "Jane Doe",
              "item/Password": "pass@word1",
              "item/LoanNumber": "@triggerBody()['text']",
              "item/RequestedAmount": "@triggerBody()['text_2']",
              "item/InspectionJobNumber": "@triggerBody()['text_3']",
              "item/RiskScore": "@triggerBody()['number']"
            },
            "authentication": {
              "type": "Raw",
              "value": "@json(decodeBase64(triggerOutputs().headers['X-MS-APIM-Tokens']))['$ConnectionKey']"
            }
          }
        },
        "Condition": {
          "actions": {
            "Update_for_approved": {
              "runAfter": {},
              "metadata": {
                "operationMetadataId": "a21b3374-54a0-4b16-9649-f22cdf528263"
              },
              "type": "OpenApiConnection",
              "inputs": {
                "host": {
                  "connectionName": "shared_commondataserviceforapps",
                  "operationId": "UpdateRecord",
                  "apiId": "/providers/Microsoft.PowerApps/apis/shared_commondataserviceforapps"
                },
                "parameters": {
                  "entityName": "rc_loandraws",
                  "recordId": "@triggerBody()['text_1']",
                  "item/rc_amountfunded": "@replace(outputs('Run_a_flow_built_with_Power_Automate_for_desktop')?['body/FundedAmount'], '$','')",
                  "item/rc_fundedon": "@utcNow()",
                  "item/rc_fundingsequenceenumber": "@outputs('Run_a_flow_built_with_Power_Automate_for_desktop')?['body/FundSequenceNumber']",
                  "item/rc_fundingtransfernumber": "@outputs('Run_a_flow_built_with_Power_Automate_for_desktop')?['body/FundTransferNumber']",
                  "item/rc_riskscore": "@triggerBody()['number']",
                  "item/statuscode": 7
                },
                "authentication": {
                  "type": "Raw",
                  "value": "@json(decodeBase64(triggerOutputs().headers['X-MS-APIM-Tokens']))['$ConnectionKey']"
                }
              }
            }
          },
          "runAfter": {
            "Run_a_flow_built_with_Power_Automate_for_desktop": [
              "Succeeded"
            ]
          },
          "else": {
            "actions": {
              "Update_a_row": {
                "runAfter": {},
                "metadata": {
                  "operationMetadataId": "cbbdf823-7f56-482d-833c-e53f7052cbb0"
                },
                "type": "OpenApiConnection",
                "inputs": {
                  "host": {
                    "connectionName": "shared_commondataserviceforapps",
                    "operationId": "UpdateRecord",
                    "apiId": "/providers/Microsoft.PowerApps/apis/shared_commondataserviceforapps"
                  },
                  "parameters": {
                    "entityName": "rc_loandraws",
                    "recordId": "@triggerBody()['text_1']",
                    "item/statuscode": 8
                  },
                  "authentication": {
                    "type": "Raw",
                    "value": "@json(decodeBase64(triggerOutputs().headers['X-MS-APIM-Tokens']))['$ConnectionKey']"
                  }
                }
              }
            }
          },
          "expression": {
            "equals": [
              "@outputs('Run_a_flow_built_with_Power_Automate_for_desktop')?['body/FundingStatus']",
              "Approved"
            ]
          },
          "metadata": {
            "operationMetadataId": "b111613a-173e-4997-80fc-b02fc5b69258"
          },
          "type": "If"
        },
        "Respond_to_a_Power_App_or_flow": {
          "runAfter": {
            "Condition": [
              "Succeeded"
            ]
          },
          "metadata": {
            "operationMetadataId": "fed153fc-2ca4-4001-acb0-2070ee182d5a"
          },
          "type": "Response",
          "kind": "PowerApp",
          "inputs": {
            "statusCode": 200,
            "body": {
              "fundingstatus": "@outputs('Run_a_flow_built_with_Power_Automate_for_desktop')?['body/FundingStatus']"
            },
            "schema": {
              "type": "object",
              "properties": {
                "fundingstatus": {
                  "title": "FundingStatus",
                  "x-ms-dynamically-added": true,
                  "type": "string"
                }
              }
            }
          }
        }
      }
    },
    "templateName": ""
  },
  "schemaVersion": "1.0.0.0"
}