{
  "properties": {
    "connectionReferences": {
      "shared_uiflow": {
        "runtimeSource": "embedded",
        "connection": {
          "connectionReferenceLogicalName": "rc_DesktopFlows"
        },
        "api": {
          "name": "shared_uiflow"
        }
      },
      "shared_commondataserviceforapps": {
        "impersonation": {},
        "runtimeSource": "embedded",
        "connection": {
          "connectionReferenceLogicalName": "rc_Dataverse"
        },
        "api": {
          "name": "shared_commondataserviceforapps"
        }
      }
    },
    "definition": {
      "$schema": "https://schema.management.azure.com/providers/Microsoft.Logic/schemas/2016-06-01/workflowdefinition.json#",
      "contentVersion": "1.0.0.0",
      "parameters": {
        "$connections": {
          "defaultValue": {},
          "type": "Object"
        },
        "$authentication": {
          "defaultValue": {},
          "type": "SecureObject"
        }
      },
      "triggers": {
        "manual": {
          "metadata": {
            "operationMetadataId": "c5be312b-0149-4a1b-a147-16b5fab56e9b"
          },
          "type": "Request",
          "kind": "Button",
          "inputs": {
            "schema": {
              "type": "object",
              "properties": {
                "text": {
                  "title": "PropertyAddress",
                  "type": "string",
                  "x-ms-dynamically-added": true,
                  "description": "Please enter your input",
                  "x-ms-content-hint": "TEXT"
                },
                "text_1": {
                  "title": "LoanDrawID",
                  "type": "string",
                  "x-ms-dynamically-added": true,
                  "description": "Please enter your input",
                  "x-ms-content-hint": "TEXT"
                },
                "text_2": {
                  "title": "Work",
                  "type": "string",
                  "x-ms-dynamically-added": true,
                  "description": "Please enter your input",
                  "x-ms-content-hint": "TEXT"
                }
              },
              "required": [
                "text",
                "text_1",
                "text_2"
              ]
            }
          }
        }
      },
      "actions": {
        "Run_a_flow_built_with_Power_Automate_for_desktop": {
          "runAfter": {},
          "metadata": {
            "operationMetadataId": "92bbb0bc-ff16-4945-8819-84b024070e62"
          },
          "type": "OpenApiConnection",
          "inputs": {
            "host": {
              "connectionName": "shared_uiflow",
              "operationId": "RunUIFlow_V2",
              "apiId": "/providers/Microsoft.PowerApps/apis/shared_uiflow"
            },
            "parameters": {
              "uiFlowId": "0dcbab93-3add-413f-be33-3b83b896322e",
              "runMode": "attended",
              "item/InspectionAccountNumber": "Jane Doe",
              "item/PropertyAddress": "@triggerBody()['text']",
              "item/WorkToInspect": "@triggerBody()['text_2']"
            },
            "authentication": {
              "type": "Raw",
              "value": "@json(decodeBase64(triggerOutputs().headers['X-MS-APIM-Tokens']))['$ConnectionKey']"
            }
          }
        },
        "Parse_JSON": {
          "runAfter": {
            "Run_a_flow_built_with_Power_Automate_for_desktop": [
              "Succeeded"
            ]
          },
          "metadata": {
            "operationMetadataId": "52104926-c05d-433c-810c-88e23af87c16"
          },
          "type": "ParseJson",
          "inputs": {
            "content": "@outputs('Run_a_flow_built_with_Power_Automate_for_desktop')?['body/SitePhotos']",
            "schema": {
              "type": "object",
              "properties": {
                "images": {
                  "type": "array",
                  "items": {
                    "type": "object",
                    "properties": {
                      "name": {
                        "type": "string"
                      },
                      "url": {
                        "type": "string"
                      }
                    },
                    "required": [
                      "name",
                      "url"
                    ]
                  }
                }
              }
            }
          }
        },
        "Apply_to_each_image": {
          "foreach": "@body('Parse_JSON')?['images']",
          "actions": {
            "HTTP": {
              "runAfter": {},
              "metadata": {
                "operationMetadataId": "290f8b4c-4fb0-43b4-89fa-4580a371356a"
              },
              "type": "Http",
              "inputs": {
                "method": "GET",
                "uri": "@items('Apply_to_each_image')?['url']"
              }
            },
            "Add_inspection_photo": {
              "runAfter": {
                "HTTP": [
                  "Succeeded"
                ]
              },
              "metadata": {
                "operationMetadataId": "aa528159-d87b-4982-b3fb-c7eb4215296e"
              },
              "type": "OpenApiConnection",
              "inputs": {
                "host": {
                  "connectionName": "shared_commondataserviceforapps",
                  "operationId": "CreateRecord",
                  "apiId": "/providers/Microsoft.PowerApps/apis/shared_commondataserviceforapps"
                },
                "parameters": {
                  "entityName": "rc_inspectionphotos",
                  "item/rc_name": "@items('Apply_to_each_image')?['name']",
                  "item/rc_LoanDraw@odata.bind": "rc_loandraws(@{triggerBody()['text_1']})",
                  "item/rc_photo": "@base64(body('HTTP'))"
                },
                "authentication": {
                  "type": "Raw",
                  "value": "@json(decodeBase64(triggerOutputs().headers['X-MS-APIM-Tokens']))['$ConnectionKey']"
                }
              }
            }
          },
          "runAfter": {
            "Parse_JSON": [
              "Succeeded"
            ]
          },
          "metadata": {
            "operationMetadataId": "4429c5fd-3504-4902-8448-c6220c6e6390"
          },
          "type": "Foreach"
        },
        "Update_loan_draw": {
          "runAfter": {
            "Apply_to_each_image": [
              "Succeeded"
            ]
          },
          "metadata": {
            "operationMetadataId": "15d6c658-9656-413c-8756-3a1ec27e4f32"
          },
          "type": "OpenApiConnection",
          "inputs": {
            "host": {
              "connectionName": "shared_commondataserviceforapps",
              "operationId": "UpdateRecord",
              "apiId": "/providers/Microsoft.PowerApps/apis/shared_commondataserviceforapps"
            },
            "parameters": {
              "entityName": "rc_loandraws",
              "recordId": "@triggerBody()['text_1']",
              "item/rc_inspectedon": "@utcNow()",
              "item/rc_inspectionjob": "@outputs('Run_a_flow_built_with_Power_Automate_for_desktop')?['body/JobNumber']",
              "item/statuscode": 5
            },
            "authentication": {
              "type": "Raw",
              "value": "@json(decodeBase64(triggerOutputs().headers['X-MS-APIM-Tokens']))['$ConnectionKey']"
            }
          }
        },
        "Respond_to_a_Power_App_or_flow": {
          "runAfter": {
            "Update_loan_draw": [
              "Succeeded"
            ]
          },
          "metadata": {
            "operationMetadataId": "b96cdc3b-30ca-4897-9b3a-6189ca98cd9f"
          },
          "type": "Response",
          "kind": "PowerApp",
          "inputs": {
            "statusCode": 200,
            "body": {
              "inspectionstatus": "@outputs('Run_a_flow_built_with_Power_Automate_for_desktop')?['body/InspectionStatus']",
              "jobnumber": "@outputs('Run_a_flow_built_with_Power_Automate_for_desktop')?['body/JobNumber']"
            },
            "schema": {
              "type": "object",
              "properties": {
                "inspectionstatus": {
                  "title": "InspectionStatus",
                  "x-ms-dynamically-added": true,
                  "type": "string"
                },
                "jobnumber": {
                  "title": "JobNumber",
                  "x-ms-dynamically-added": true,
                  "type": "string"
                }
              }
            }
          }
        }
      }
    },
    "templateName": null
  },
  "schemaVersion": "1.0.0.0"
}